{"prediction_customer_care_dialog_summary_mistral_7b_v01": {"bertscore__precision": 0.8965615617468002, "bertscore__recall": 0.8948947039056332, "bertscore__f1": 0.895547017772147, "bleu__bleu": 0.18794598361060796, "bleu__precisions": 0.22655479927126093, "bleu__brevity_penalty": 1.0, "bleu__length_ratio": 1.0008880994671403, "bleu__translation_length": 3381, "bleu__reference_length": 3378, "rouge__rouge1": 0.4651011365855081, "rouge__rouge2": 0.23406396651120764, "rouge__rougeL": 0.4015572249934345, "rouge__rougeLsum": 0.4009572170703689}, "prediction_customer_care_dialog_summary_llama2_7b": {"bertscore__precision": 0.8990513206796443, "bertscore__recall": 0.8895192178005867, "bertscore__f1": 0.8940371357380076, "bleu__bleu": 0.16364017590981736, "bleu__precisions": 0.22927950907950737, "bleu__brevity_penalty": 0.8792961877869151, "bleu__length_ratio": 0.8860272350503257, "bleu__translation_length": 2993, "bleu__reference_length": 3378, "rouge__rouge1": 0.4564162452193394, "rouge__rouge2": 0.21395578816281902, "rouge__rougeL": 0.38647101882844737, "rouge__rougeLsum": 0.38728565348839117}, "prediction_customer_care_dialog_summary_phi_2": {"bertscore__precision": 0.8931636017687777, "bertscore__recall": 0.8905324251093762, "bertscore__f1": 0.8916647561053013, "bleu__bleu": 0.1696734979583472, "bleu__precisions": 0.22012937705592178, "bleu__brevity_penalty": 0.9383783856402306, "bleu__length_ratio": 0.9402013025458852, "bleu__translation_length": 3176, "bleu__reference_length": 3378, "rouge__rouge1": 0.444100851152153, "rouge__rouge2": 0.20774283917469688, "rouge__rougeL": 0.3733696391290261, "rouge__rougeLsum": 0.3729136615718783}, "prediction_mistral_7b_v01": {"bertscore__precision": 0.8082892165539113, "bertscore__recall": 0.8535493846903456, "bertscore__f1": 0.8301022572720305, "bleu__bleu": 0.023526099547110543, "bleu__precisions": 0.04153986157424323, "bleu__brevity_penalty": 1.0, "bleu__length_ratio": 2.670811130846655, "bleu__translation_length": 9022, "bleu__reference_length": 3378, "rouge__rouge1": 0.2154532426909793, "rouge__rouge2": 0.057086767687774105, "rouge__rougeL": 0.1713935268295948, "rouge__rougeLsum": 0.16743998838863913}, "prediction_llama2_7b": {"bertscore__precision": 0.7904269441645196, "bertscore__recall": 0.8328784856390445, "bertscore__f1": 0.8106315763706856, "bleu__bleu": 0.01856742608459634, "bleu__precisions": 0.03690725309108477, "bleu__brevity_penalty": 1.0, "bleu__length_ratio": 1.9431616341030196, "bleu__translation_length": 6564, "bleu__reference_length": 3378, "rouge__rouge1": 0.1535963914332021, "rouge__rouge2": 0.03400672294021492, "rouge__rougeL": 0.10996597608708553, "rouge__rougeLsum": 0.11824593157675191}, "prediction_phi_2": {"bertscore__precision": 0.8278536682433271, "bertscore__recall": 0.8690204639384087, "bertscore__f1": 0.847678467948386, "bleu__bleu": 0.03469106181932823, "bleu__precisions": 0.05748019343896908, "bleu__brevity_penalty": 1.0, "bleu__length_ratio": 2.4949674363528715, "bleu__translation_length": 8428, "bleu__reference_length": 3378, "rouge__rouge1": 0.27596175210246177, "rouge__rouge2": 0.07968480329256372, "rouge__rougeL": 0.19607885911245965, "rouge__rougeLsum": 0.22304827197056942}}