{"rouge1": 0.18922008467306572, "rouge2": 0.05350292535946696, "rougeL": 0.15686898907922905, "rougeLsum": 0.15589273077481958}