{"rouge1": 0.14438295366223333, "rouge2": 0.06062491851745352, "rougeL": 0.11121206254611261, "rougeLsum": 0.12944908695673654}