{"rouge1": 0.2705268121561494, "rouge2": 0.09377118935368026, "rougeL": 0.2087422956610706, "rougeLsum": 0.2080336379080177}