{"rouge1": 0.19710757965537062, "rouge2": 0.05078819308552821, "rougeL": 0.14650387235940993, "rougeLsum": 0.1461824795779958}